request_count_30s,request_count_5min,endpoint_entropy,status_code_entropy,status_401_ratio,interval_std,unique_ua_ratio,known_ua_ratio,payload_size_std,response_time_std,timestamp
3.0,7.0,2.8073549220576037,1.1488348542809166,0.0,58.06882292796012,0.14285714285714285,1.0,48213.97495145,116.58059750355423,1783267215.780128
584.0,1355.0,1.582530247514307,1.85067820412038,0.0,0.0015448346464304737,0.0007380073800738007,1.0,117.25676220498949,413.1305068068675,1783267216.780128
3.0,9.0,2.725480556997868,1.224394445405986,0.0,38.38450163261976,0.1111111111111111,1.0,19600.060313115817,161.86075891882436,1783267217.780128
3.0,9.0,2.725480556997868,0.5032583347756457,0.0,25.001369503633583,0.2222222222222222,1.0,39760.76437931969,138.47948404005555,1783267218.780128
3.0,10.0,2.721928094887362,0.4689955935892812,0.0,43.258174171190845,0.2,1.0,18820.14139190009,116.7650842028082,1783267219.780128
2.0,14.0,3.3248629576173565,1.3787834934861753,0.0,13.991297613057272,0.14285714285714285,1.0,35657.4655457781,145.6393205947374,1783267220.780128
2.0,9.0,2.4193819456463714,0.9864267287308425,0.0,39.11465902963202,0.1111111111111111,1.0,8126.946397633,119.71399249878854,1783267221.780128
1.0,9.0,2.725480556997868,1.657742726504889,0.0,38.33935475777013,0.2222222222222222,1.0,28080.340372660095,135.78394398618875,1783267222.780128
2.0,7.0,2.521640636343318,0.5916727785823275,0.0,35.67378474787127,0.14285714285714285,1.0,8846.27565163792,176.6901781300224,1783267223.780128
3.0,6.0,2.2516291673878226,1.4591479170272448,0.0,25.874679141349613,0.3333333333333333,1.0,23867.846930546544,111.80161000629643,1783267224.780128
1.0,9.0,2.5032583347756456,0.5032583347756457,0.0,13.708783241104518,0.2222222222222222,1.0,7832.923466227522,96.38005499064627,1783267225.780128
5.0,16.0,3.452819531114783,0.8683927290103626,0.0,16.17655403814838,0.125,1.0,44946.11356868541,132.492014696484,1783267226.780128
1.0,4.0,1.5,0.8112781244591328,0.0,109.83068106477373,0.25,1.0,44635.90643099641,62.47306086092894,1783267227.780128
2.0,8.0,2.5,-0.0,0.0,15.58911710327316,0.125,1.0,12059.55805204794,110.4517865082188,1783267228.780128
313.0,806.0,1.5823504078134802,1.8871950883866506,0.0,0.0027143224764815785,0.0012406947890818859,1.0,117.34349363322339,393.9503787861663,1783267229.780128
2.0,14.0,3.3787834934861753,1.2916919971380596,0.0,21.416463821061278,0.07142857142857142,1.0,18532.885085825023,155.89082894593432,1783267230.780128
723.0,723.0,1.5837697181360677,1.8030536247563593,0.0,0.0008778690828623055,0.0013831258644536654,1.0,114.12637462524975,405.1254920786182,1783267231.780128
1.0,11.0,3.2776134368191157,0.6840384356390417,0.0,12.119457005862474,0.09090909090909091,1.0,41769.985818222936,154.98918320028307,1783267232.780128
3.0,10.0,3.1219280948873624,1.5709505944546687,0.0,31.53350280990433,0.2,1.0,7558.839358290693,173.64069703461416,1783267233.780128
2.0,9.0,2.725480556997868,0.9864267287308425,0.0,8.04772714450283,0.1111111111111111,1.0,20367.318122423483,64.40525987836708,1783267234.780128
1.0,7.0,2.521640636343318,1.9502120649147467,0.0,24.23331449600155,0.14285714285714285,1.0,43953.20236288115,123.41202573184711,1783267235.780128
356.0,1991.0,-0.0,1.8338900787020869,0.0,0.0024654923997998145,0.0005022601707684581,1.0,113.98268677838608,406.3477575146098,1783267236.780128
1.0,10.0,3.1219280948873624,0.4689955935892812,0.0,25.794069464376456,0.1,1.0,7656.109383289197,160.96666632152963,1783267237.780128
3.0,6.0,2.2516291673878226,-0.0,0.0,20.497038876084034,0.3333333333333333,1.0,39167.979832596255,66.72768540868175,1783267238.780128
3.0,15.0,3.506890595608519,0.35335933502142136,0.0,24.392826190148686,0.13333333333333333,1.0,15474.192509127053,94.47459875291246,1783267239.780128
1.0,7.0,2.8073549220576037,0.5916727785823275,0.0,55.1923596133212,0.14285714285714285,1.0,6469.817352246397,154.41332751510055,1783267240.780128
1.0,3.0,1.584962500721156,-0.0,0.0,61.35940241348975,0.3333333333333333,1.0,67811.2246534451,78.57639594687453,1783267241.780128
2.0,8.0,2.5,1.061278124459133,0.0,42.93818852417832,0.25,1.0,34957.251734899626,91.37719315327773,1783267242.780128
330.0,1042.0,0.9997847338631554,1.845909697281769,0.0,0.0027648687387416613,0.0009596928982725527,1.0,114.646410577455,410.3187951333215,1783267243.780128
2.0,17.0,3.528064311584049,0.6722948170756379,0.0,18.814390949538904,0.11764705882352941,1.0,19447.893631974344,135.7815841818808,1783267244.780128
2.0,8.0,3.0,1.75,0.0,26.644495587252955,0.125,1.0,6411.634234231661,178.78787460883038,1783267245.780128
3.0,13.0,3.334679141051595,1.198183947911799,0.0,30.29147428470683,0.15384615384615385,1.0,26214.88333747522,159.3012892892922,1783267246.780128
2.0,8.0,2.75,-0.0,0.0,43.92313438191361,0.125,1.0,9506.083412177999,114.13140296542903,1783267247.780128
1.0,9.0,2.94770277922009,-0.0,0.0,36.306260867243154,0.1111111111111111,1.0,19668.06340944064,146.912116586754,1783267248.780128
3.0,12.0,3.084962500721156,0.8166890883150209,0.0,22.337261314329815,0.16666666666666666,1.0,40908.62095369793,110.05429238665465,1783267249.780128
2.0,10.0,3.3219280948873626,0.4689955935892812,0.0,23.528982556971265,0.1,1.0,8743.747368516799,111.17929463508733,1783267250.780128
1.0,7.0,2.521640636343318,1.3787834934861753,0.0,22.57435407495343,0.14285714285714285,1.0,7005.723218164118,225.87841756973933,1783267251.780128
864.0,1320.0,0.998303605284789,1.827311151473466,0.0,0.0010219246834720062,0.0007575757575757576,1.0,115.0062331410376,404.3498600841267,1783267252.780128
1.0,6.0,2.2516291673878226,0.6500224216483541,0.0,65.27853629102377,0.16666666666666666,1.0,39771.493034165396,161.25616474003922,1783267253.780128
3.0,5.0,1.9219280948873623,1.3709505944546687,0.0,12.736677360279687,0.2,1.0,5613.326046115619,141.53267113991737,1783267254.780128
3.0,7.0,2.8073549220576037,0.5916727785823275,0.0,40.125881945459376,0.2857142857142857,1.0,9387.330007337905,127.16220425297837,1783267255.780128
2.0,8.0,2.5,-0.0,0.0,67.85678517536947,0.25,1.0,36444.61681589125,147.84663808439183,1783267256.780128
1.0,5.0,2.321928094887362,-0.0,0.0,49.911901889064396,0.4,1.0,8694.053674782552,101.89657992297876,1783267257.780128
413.0,619.0,-0.0,0.5521767858747244,0.9143780290791599,0.0038210827136084336,0.0016155088852988692,0.0,17.427126357350517,4.851594696447584,1783267258.780128
4.0,15.0,3.3735572622751855,1.103307408607834,0.0,19.658295653416584,0.13333333333333333,1.0,8785.402006141996,144.69114627206397,1783267259.780128
1.0,11.0,2.913977073182752,0.8658566174572235,0.0,21.15392705693516,0.09090909090909091,1.0,32754.792688870875,102.51983311446709,1783267260.780128
4.0,14.0,3.0930692077718898,1.287054028118727,0.0,33.7214867498781,0.07142857142857142,1.0,5880.963142039064,112.51748875052836,1783267261.780128
1.0,19.0,3.391892644680932,0.9132829641650988,0.0,20.551252501771767,0.10526315789473684,1.0,27144.54756392695,140.13436117272076,1783267262.780128
1.0,7.0,2.521640636343318,-0.0,0.0,45.83242649876843,0.14285714285714285,1.0,46910.73407319176,54.09906697549457,1783267263.780128
2.0,14.0,3.521640636343318,0.9463729359854419,0.0,17.934740171374575,0.07142857142857142,1.0,20746.02576213278,146.43002979707964,1783267264.780128
1.0,9.0,3.169925001442312,1.224394445405986,0.0,18.75995213894822,0.1111111111111111,1.0,8419.071387497423,116.41268186928777,1783267265.780128
2.0,11.0,3.095795255000934,0.4394969869215134,0.0,24.314312590947612,0.18181818181818182,1.0,27906.515827930678,83.41530380626153,1783267266.780128
2.0,10.0,2.6464393446710157,-0.0,0.0,26.25592881423533,0.1,1.0,7862.5219455620245,148.66837069277528,1783267267.780128
2.0,15.0,3.506890595608519,0.35335933502142136,0.0,23.158901540021365,0.13333333333333333,1.0,43769.85831346673,148.77486570878384,1783267268.780128
2.0,10.0,2.9219280948873623,0.9219280948873623,0.0,22.53420595759484,0.2,1.0,7213.557575842866,39.67775195244811,1783267269.780128
3.0,9.0,2.94770277922009,0.5032583347756457,0.0,36.39317159997134,0.1111111111111111,1.0,39293.67656541925,158.46225716063887,1783267270.780128
1.0,6.0,2.2516291673878226,0.9182958340544896,0.0,55.52314664194823,0.16666666666666666,1.0,20940.599883161576,158.5804454107336,1783267271.780128
1.0,2.0,1.0,-0.0,0.0,0.0,1.0,1.0,739.6336931211287,115.32911601152588,1783267272.780128
146.0,249.0,-0.0,0.3753897948958522,0.9477911646586346,0.00986110710362208,0.004016064257028112,0.0,17.71148743467342,4.841262632428627,1783267273.780128
2.0,11.0,3.095795255000934,0.8658566174572235,0.0,21.799565508759347,0.18181818181818182,1.0,13762.435157142267,120.02208508891566,1783267274.780128
1.0,13.0,3.238901256602631,1.3520301017579528,0.0,57.00509451474549,0.15384615384615385,1.0,33242.31894584726,118.32200848661964,1783267275.780128
2.0,11.0,3.0271691184406184,-0.0,0.0,33.88367320205288,0.18181818181818182,1.0,34881.16294740811,115.36645802122746,1783267276.780128
4.0,13.0,3.3927474104487847,1.3520301017579528,0.0,22.025174788120722,0.15384615384615385,1.0,17465.626463692355,121.56746992345339,1783267277.780128
2.0,13.0,3.3927474104487847,1.6691803368667308,0.0,16.131034998960068,0.07692307692307693,1.0,7362.36898712392,51.49419310055186,1783267278.780128
3.0,15.0,3.506890595608519,1.103307408607834,0.0,16.485774136734797,0.06666666666666667,1.0,7365.849133476931,138.4264305205717,1783267279.780128
4.0,11.0,3.2776134368191157,0.8658566174572235,0.0,28.70540423201862,0.09090909090909091,1.0,36106.69421413053,182.07446528574764,1783267280.780128
1.0,9.0,2.94770277922009,0.5032583347756457,0.0,30.349118772590167,0.2222222222222222,1.0,7472.083845889311,150.18948124878045,1783267281.780128
2.0,6.0,2.2516291673878226,1.2516291673878228,0.0,10.683124197319014,0.16666666666666666,1.0,6851.379960757297,139.40653380192288,1783267282.780128
1.0,6.0,2.2516291673878226,0.6500224216483541,0.0,12.268393822994804,0.3333333333333333,1.0,59249.975503792404,129.19694139826478,1783267283.780128
1.0,8.0,3.0,-0.0,0.0,22.5998120612798,0.125,1.0,36328.25509061193,142.05807602627073,1783267284.780128
2.0,13.0,3.238901256602631,0.39124356362925566,0.0,21.671433588309448,0.07692307692307693,1.0,29729.131008154276,114.86263423581119,1783267285.780128
425.0,833.0,0.999541500209328,1.8396927481772212,0.0,0.0021869586800989456,0.0012004801920768306,1.0,118.09104755496129,401.6228996980584,1783267286.780128
1.0,7.0,2.521640636343318,-0.0,0.0,45.45993033348572,0.2857142857142857,1.0,6416.770200772645,139.19164246941457,1783267287.780128
2.0,10.0,2.8464393446710154,0.9219280948873623,0.0,29.28169676748415,0.2,1.0,38942.80302015594,105.76775396016396,1783267288.780128
2.0,11.0,3.095795255000934,0.8658566174572235,0.0,34.660649850894714,0.18181818181818182,1.0,35013.04705132334,132.88224315330677,1783267289.780128
1.0,6.0,2.584962500721156,1.2516291673878228,0.0,37.81886283424259,0.16666666666666666,1.0,6080.766884201367,121.51931122253781,1783267290.780128
1.0,12.0,3.0220552088742005,-0.0,0.0,25.96212609247318,0.16666666666666666,1.0,8166.288691933441,158.85665422294744,1783267291.780128
2.0,12.0,3.2516291673878226,0.6500224216483541,0.0,15.170128016454438,0.08333333333333333,1.0,11096.068988268964,113.96601433867214,1783267292.780128
4.0,8.0,2.75,1.5487949406953985,0.0,15.269177659419798,0.125,1.0,7878.689154022659,124.18867845799332,1783267293.780128
1.0,4.0,1.5,0.8112781244591328,0.0,36.367425396863915,0.25,1.0,62681.51359584951,167.60472348156935,1783267294.780128
2.0,14.0,3.3787834934861753,0.5916727785823275,0.0,18.98515976817746,0.14285714285714285,1.0,36119.34054569718,132.57882830333702,1783267295.780128
1.0,6.0,2.584962500721156,-0.0,0.0,10.365561834563575,0.3333333333333333,1.0,23103.215098769262,100.40856039203031,1783267296.780128
2.0,10.0,3.1219280948873624,-0.0,0.0,25.63665152798998,0.2,1.0,29543.853062486243,153.80636600031292,1783267297.780128
3.0,11.0,2.8453509366224368,0.8658566174572235,0.0,33.016713657608996,0.09090909090909091,1.0,56411.41125355917,151.35605222604926,1783267298.780128
303.0,1819.0,1.5839705070394785,1.8548099168338883,0.0,0.002895961838623596,0.0005497526113249038,1.0,115.92416647064316,401.49864294422315,1783267299.780128
25.0,157.0,5.603916210137644,1.5741419239862133,0.0,0.09770922810960737,0.09554140127388536,1.0,503.4536508520553,32.32875207681789,1783267300.780128
2.0,6.0,2.584962500721156,1.4591479170272448,0.0,24.57766143350015,0.16666666666666666,1.0,6951.911785017605,108.48486376756283,1783267301.780128
352.0,488.0,-0.0,0.5773840559552086,0.9098360655737705,0.00406262596437172,0.0020491803278688526,0.0,17.90916505643076,4.883353931699393,1783267302.780128
2.0,11.0,3.4594316186372973,0.8658566174572235,0.0,17.758342240235457,0.18181818181818182,1.0,16851.608112095306,128.86428026133822,1783267303.780128
3.0,13.0,3.0850551027564768,0.7732283485249176,0.0,19.42201127648611,0.07692307692307693,1.0,6988.08520048452,180.45395712210262,1783267304.780128
1.0,9.0,3.169925001442312,-0.0,0.0,22.568429124739772,0.2222222222222222,1.0,7027.408999766557,112.56400401549334,1783267305.780128
2.0,10.0,3.1219280948873624,1.3567796494470397,0.0,12.28880012515966,0.1,1.0,39376.85633987446,193.49398756091162,1783267306.780128
23.0,221.0,5.6058165328714304,1.3192803457889173,0.0,0.11563670446664395,0.06787330316742081,1.0,537.1303842181613,29.77967168627775,1783267307.780128
1.0,4.0,1.5,1.5,0.0,19.11722821130755,0.5,1.0,46448.44675103069,130.28541425142978,1783267308.780128
4.0,9.0,2.94770277922009,0.9864267287308425,0.0,33.40784202372593,0.2222222222222222,1.0,36394.74154821148,91.64022648985058,1783267309.780128
3.0,14.0,3.3248629576173565,1.2916919971380596,0.0,13.961712306404792,0.07142857142857142,1.0,7656.88992360461,137.01833939174102,1783267310.780128
2.0,4.0,2.0,1.5,0.0,7.019286244211085,0.25,1.0,6195.910963423108,184.79957386314504,1783267311.780128
3.0,14.0,3.2359263506290326,0.37123232664087563,0.0,14.019369390162355,0.07142857142857142,1.0,26735.83439376391,126.38132273506136,1783267312.780128
150.0,740.0,-0.0,0.5090296927206351,0.922972972972973,0.01022187691627207,0.0013513513513513514,0.0,17.654594507880496,4.886417278687258,1783267313.780128
2.0,7.0,2.8073549220576037,0.863120568566631,0.0,49.91254174844725,0.14285714285714285,1.0,9084.15634366728,131.12287403515109,1783267314.780128
2.0,7.0,2.521640636343318,1.1488348542809166,0.0,33.592299505634536,0.14285714285714285,1.0,12419.831156355585,151.66683568802722,1783267315.780128
4.0,8.0,2.75,1.5,0.0,60.02132903796488,0.125,1.0,10864.662179187035,113.94897902758309,1783267316.780128
3.0,12.0,3.0220552088742005,-0.0,0.0,19.34868483777026,0.08333333333333333,1.0,23049.23984088031,104.92048359966645,1783267317.780128
4.0,13.0,3.3927474104487847,1.3520301017579528,0.0,23.3239998393406,0.07692307692307693,1.0,17715.094503536548,168.91301015611558,1783267318.780128
1.0,8.0,3.0,-0.0,0.0,31.328897429590533,0.125,1.0,9112.634725635455,93.12561025686911,1783267319.780128
4.0,8.0,3.0,1.5,0.0,35.5728931513538,0.25,1.0,10388.329371222304,130.64564669364228,1783267320.780128
2.0,10.0,2.8464393446710154,-0.0,0.0,37.97893502741487,0.1,1.0,7125.019991394956,146.76490989939583,1783267321.780128
1.0,6.0,2.584962500721156,0.6500224216483541,0.0,26.014255083277988,0.16666666666666666,1.0,44471.434973100055,223.70095887143623,1783267322.780128
4.0,4.0,2.0,-0.0,0.0,4.9818497675848255,0.5,1.0,15320.218370397553,260.10444696954596,1783267323.780128
2.0,7.0,2.8073549220576037,-0.0,0.0,46.63576714343406,0.2857142857142857,1.0,45606.7953416301,125.87276644824063,1783267324.780128
1.0,7.0,2.521640636343318,0.5916727785823275,0.0,35.575606694638076,0.14285714285714285,1.0,7316.691185553884,119.81349196623417,1783267325.780128
1.0,12.0,3.2516291673878226,0.8166890883150209,0.0,33.685408938580984,0.08333333333333333,1.0,5784.03035534178,148.0611756755438,1783267326.780128
2.0,8.0,3.0,0.5435644431995964,0.0,35.80653651316836,0.125,1.0,7473.880268498897,140.56320324730387,1783267327.780128
1.0,7.0,2.2359263506290326,1.1488348542809166,0.0,25.560205606092232,0.14285714285714285,1.0,30995.630212752807,132.33051874180873,1783267328.780128
1.0,7.0,2.8073549220576037,1.8423709931771084,0.0,39.75416644543692,0.14285714285714285,1.0,32938.42941726564,102.72709569765998,1783267329.780128
2.0,12.0,3.188721875540867,0.8166890883150209,0.0,22.117746538625667,0.16666666666666666,1.0,6528.4728665819675,155.20727758436945,1783267330.780128
3.0,13.0,3.7004397181410926,0.6193821946787638,0.0,31.67792642688253,0.15384615384615385,1.0,9315.00607305361,118.10949396260473,1783267331.780128
105.0,244.0,-0.0,0.5243196619382797,0.9180327868852459,0.013954544786865055,0.004098360655737705,0.0,17.013090169968677,5.087532530563773,1783267332.780128
1.0,13.0,3.0269868333592873,1.3520301017579528,0.0,25.55130770277966,0.07692307692307693,1.0,23583.70282468546,143.2064526371737,1783267333.780128
1.0,10.0,3.3219280948873626,1.1567796494470395,0.0,32.468645577480025,0.2,1.0,5855.47919663474,69.4536368138247,1783267334.780128
2.0,6.0,2.584962500721156,-0.0,0.0,27.076415378999485,0.16666666666666666,1.0,53329.49268619257,150.626753931697,1783267335.780128
2.0,8.0,2.75,0.954434002924965,0.0,34.4603144638333,0.125,1.0,7694.774728671399,117.41084155343455,1783267336.780128
25.0,196.0,5.6147098441152075,1.4948502828851984,0.0,0.10068241576590013,0.07653061224489796,1.0,550.1786310697817,31.17939801026592,1783267337.780128
1.0,11.0,3.2776134368191157,0.8658566174572235,0.0,22.326639965536764,0.09090909090909091,1.0,34801.71562463813,136.57207953711077,1783267338.780128
1.0,11.0,2.8453509366224368,1.2776134368191154,0.0,36.16461299960048,0.18181818181818182,1.0,43815.09944549004,181.69783758156888,1783267339.780128
1.0,10.0,2.8464393446710154,1.3567796494470397,0.0,21.534843152225456,0.2,1.0,11818.42529273676,131.5232556538112,1783267340.780128
1.0,8.0,2.75,1.061278124459133,0.0,32.10976427699423,0.125,1.0,7813.29930311133,181.1477356823903,1783267341.780128
1.0,4.0,2.0,-0.0,0.0,55.80896939134603,0.5,1.0,18352.991890515652,112.6516163517713,1783267342.780128
1.0,8.0,2.75,1.061278124459133,0.0,20.733208524694525,0.25,1.0,26439.563390602998,137.93151962891898,1783267343.780128
3.0,16.0,3.375,1.186278124459133,0.0,20.471375853025418,0.125,1.0,8645.518831307927,125.55573778870748,1783267344.780128
496.0,837.0,-0.0,1.8497373443446614,0.0,0.0017628345446108916,0.0011947431302270011,1.0,112.37860701951489,413.46510893518695,1783267345.780128
1131.0,1418.0,-0.0,1.8421277772136204,0.0,0.0008161593202854294,0.0007052186177715092,1.0,115.19702610314444,408.95525669619974,1783267346.780128
2.0,10.0,2.9219280948873623,0.7219280948873623,0.0,25.18140897199806,0.1,1.0,7506.995120108533,128.8587516969216,1783267347.780128
2.0,11.0,3.095795255000934,0.6840384356390417,0.0,33.02772007234428,0.09090909090909091,1.0,24664.555387696073,124.80652517906556,1783267348.780128
1.0,8.0,2.75,1.2987949406953985,0.0,25.328249439072206,0.125,1.0,8079.618272453929,105.50746672967884,1783267349.780128
2.0,9.0,2.6416041678685938,0.9864267287308425,0.0,27.470267581496113,0.2222222222222222,1.0,6540.768375691379,194.80222948188018,1783267350.780128
2.0,10.0,2.9219280948873623,-0.0,0.0,35.340166302533184,0.2,1.0,35460.51659772849,204.57166334672172,1783267351.780128
1.0,4.0,2.0,1.0,0.0,32.72652107661013,0.5,1.0,5293.028961127393,131.30931358183747,1783267352.780128
2.0,21.0,3.594465636961452,-0.0,0.0,15.716907804832374,0.047619047619047616,1.0,29487.071873070392,180.3216186231067,1783267353.780128
2.0,10.0,3.1219280948873624,0.7219280948873623,0.0,37.86912905250083,0.2,1.0,20076.786075520708,80.95916940724572,1783267354.780128
1.0,7.0,2.2359263506290326,0.863120568566631,0.0,39.289105690784794,0.2857142857142857,1.0,55401.01560956648,177.28105208558367,1783267355.780128
2.0,4.0,1.5,0.8112781244591328,0.0,14.086399872918818,0.25,1.0,8930.033683213816,157.25797277085826,1783267356.780128
3.0,8.0,2.5,-0.0,0.0,7.980945773510659,0.125,1.0,48208.00794399797,46.00098601427707,1783267357.780128
2.0,3.0,1.584962500721156,0.9182958340544896,0.0,7.8907199969802395,0.3333333333333333,1.0,41960.7625407356,60.28485160745884,1783267358.780128
136.0,264.0,-0.0,0.5060628300630061,0.9242424242424242,0.010622093614515722,0.003787878787878788,0.0,18.022894745087722,5.124033580007758,1783267359.780128
1.0,8.0,2.75,0.5435644431995964,0.0,26.04200455705502,0.25,1.0,7161.365347673385,147.55219899605507,1783267360.780128
4.0,14.0,3.3787834934861753,1.0892300788425848,0.0,23.934583165125048,0.14285714285714285,1.0,7554.637798679085,161.28736640059432,1783267361.780128
2.0,4.0,2.0,-0.0,0.0,7.587960200236696,0.25,1.0,5484.847035241731,140.47935494821533,1783267362.780128
3.0,14.0,3.521640636343318,1.1981174211304033,0.0,18.149761333704202,0.07142857142857142,1.0,7424.223912894277,127.22695477758643,1783267363.780128
3.0,9.0,2.94770277922009,0.5032583347756457,0.0,16.20208477482765,0.2222222222222222,1.0,8528.374973841408,107.6854769430142,1783267364.780128
2.0,6.0,2.2516291673878226,0.6500224216483541,0.0,9.714756075530694,0.3333333333333333,1.0,37233.20167493881,151.80192027770926,1783267365.780128
3.0,13.0,3.238901256602631,0.7732283485249176,0.0,18.741187553424144,0.15384615384615385,1.0,7890.22093545272,127.11226967749457,1783267366.780128
1.0,4.0,2.0,2.0,0.0,34.139280826322654,0.5,1.0,57746.096020279445,120.96211528132821,1783267367.780128
2.0,10.0,3.1219280948873624,0.9219280948873623,0.0,18.97583545544268,0.1,1.0,33396.63674367359,154.93317699361018,1783267368.780128
1.0,11.0,3.095795255000934,0.8658566174572235,0.0,26.69078792942907,0.18181818181818182,1.0,39554.4354023667,116.79639393561617,1783267369.780128
2.0,9.0,2.6416041678685938,1.7527152789797047,0.0,27.011124064598928,0.2222222222222222,1.0,26806.45936979452,171.45735459420936,1783267370.780128
1.0,12.0,3.4182958340544896,1.584962500721156,0.0,30.56006237825184,0.16666666666666666,1.0,19363.404755354804,114.46833193137532,1783267371.780128
2.0,8.0,2.75,1.75,0.0,39.75050752188667,0.25,1.0,6025.490932873674,163.08572679947892,1783267372.780128
4.0,18.0,3.3921472236645345,1.224394445405986,0.0,13.83649784746455,0.1111111111111111,1.0,30921.269737402483,120.37654552452608,1783267373.780128
2.0,11.0,3.095795255000934,1.0957952550009336,0.0,25.138266303482446,0.18181818181818182,1.0,45379.98507151483,143.82166924860294,1783267374.780128
2.0,3.0,1.584962500721156,-0.0,0.0,50.11387874885113,0.3333333333333333,1.0,4502.666358207472,126.86303638176094,1783267375.780128
1.0,7.0,2.8073549220576037,0.5916727785823275,0.0,31.18364826495163,0.14285714285714285,1.0,26691.960693562145,161.57745010041586,1783267376.780128
357.0,1369.0,0.9996300882251986,1.8300308171124935,0.0,0.002467379339656093,0.0007304601899196494,1.0,116.87246673657289,414.58598834601963,1783267377.780128
1.0,8.0,3.0,1.061278124459133,0.0,53.133521534231924,0.125,1.0,36196.58358385301,117.61697444914756,1783267378.780128
1.0,3.0,1.584962500721156,-0.0,0.0,32.01269543181396,0.3333333333333333,1.0,4648.31801120936,115.10283807679691,1783267379.780128
2.0,9.0,2.94770277922009,-0.0,0.0,32.901614221416516,0.1111111111111111,1.0,7598.332768516467,150.09231973836785,1783267380.780128
2.0,11.0,3.095795255000934,0.4394969869215134,0.0,24.24733948775816,0.09090909090909091,1.0,6813.60702231538,149.4601473181518,1783267381.780128
2.0,7.0,2.521640636343318,1.1488348542809166,0.0,45.71032778833462,0.2857142857142857,1.0,15226.501633664904,88.01723045599003,1783267382.780128
3.0,12.0,3.084962500721156,0.41381685030363374,0.0,25.15222573329177,0.08333333333333333,1.0,36567.13095230925,148.98761388420544,1783267383.780128
2.0,13.0,3.3927474104487847,1.1401156785146092,0.0,18.44612717353548,0.15384615384615385,1.0,22327.043462340258,135.28637289951894,1783267384.780128
1.0,6.0,2.2516291673878226,-0.0,0.0,25.067697968355695,0.16666666666666666,1.0,6535.998115564804,148.78570383832803,1783267385.780128
2.0,4.0,2.0,0.8112781244591328,0.0,27.202707042269083,0.25,1.0,9948.199079062837,64.64273612195984,1783267386.780128
5.0,9.0,2.94770277922009,1.657742726504889,0.0,54.48143509559504,0.1111111111111111,1.0,7423.494164550216,148.39081844912104,1783267387.780128
21.0,198.0,5.613097625388329,1.581074883791941,0.0,0.12238283583794551,0.07575757575757576,1.0,514.0192021395496,29.235188576261585,1783267388.780128
4.0,12.0,3.084962500721156,1.0408520829727552,0.0,15.004680481055862,0.08333333333333333,1.0,34835.8079344655,157.80898599448022,1783267389.780128
2.0,9.0,2.6416041678685938,0.5032583347756457,0.0,30.70661519656034,0.2222222222222222,1.0,6356.920201201558,137.05970414385112,1783267390.780128
4.0,10.0,2.721928094887362,-0.0,0.0,23.780282985507107,0.1,1.0,40033.02608888483,151.7861686715888,1783267391.780128
3.0,6.0,2.584962500721156,0.6500224216483541,0.0,23.34656150692343,0.3333333333333333,1.0,40546.833856254016,158.47316492075245,1783267392.780128
3.0,11.0,3.2776134368191157,0.4394969869215134,0.0,34.767866989433536,0.18181818181818182,1.0,29018.108780552877,158.0646818121102,1783267393.780128
1.0,6.0,2.584962500721156,0.6500224216483541,0.0,62.9434455809469,0.16666666666666666,1.0,5040.292808954655,178.70998479846241,1783267394.780128
27.0,148.0,5.6132736351975545,1.5848808198524087,0.0,0.09302919463595988,0.10135135135135136,1.0,509.499948081503,30.68710877504595,1783267395.780128
3.0,12.0,3.4182958340544896,1.207518749639422,0.0,35.02418723060529,0.08333333333333333,1.0,26944.617076964416,101.36092576889416,1783267396.780128
2.0,8.0,3.0,0.5435644431995964,0.0,73.26796863699079,0.125,1.0,9588.452704574245,66.23372980804956,1783267397.780128
2.0,9.0,2.5032583347756456,0.7642045065086203,0.0,18.709701783531386,0.1111111111111111,1.0,7025.7101084358565,132.95469570914415,1783267398.780128
1.0,10.0,2.5219280948873624,0.9219280948873623,0.0,27.432667965560302,0.1,1.0,37541.791891911016,208.7441871446165,1783267399.780128
1.0,9.0,2.94770277922009,0.5032583347756457,0.0,32.58555841101125,0.1111111111111111,1.0,7912.814764671292,159.02850460775193,1783267400.780128
3.0,9.0,2.4193819456463714,0.9864267287308425,0.0,24.549446042222346,0.2222222222222222,1.0,40995.62209485842,120.67852381890951,1783267401.780128
2.0,11.0,2.6635327548042547,0.8658566174572235,0.0,27.116058240862923,0.09090909090909091,1.0,6677.093380969133,145.22997812247493,1783267402.780128
2.0,11.0,2.913977073182752,-0.0,0.0,18.41875838399699,0.09090909090909091,1.0,7171.739028360492,121.07806422454745,1783267403.780128
2.0,14.0,3.521640636343318,0.7345299214394703,0.0,21.324104193503953,0.07142857142857142,1.0,16128.85866754317,138.62058582038532,1783267404.780128
3.0,13.0,3.238901256602631,0.9912642605354288,0.0,39.331074847612655,0.15384615384615385,1.0,30705.899651745705,173.24992137490355,1783267405.780128
17.0,166.0,5.600059762281237,1.2632779515117925,0.0,0.1529952010210485,0.09036144578313253,1.0,509.25000197603913,31.827447586340682,1783267406.780128
1.0,5.0,1.9219280948873623,0.7219280948873623,0.0,36.82496926531853,0.2,1.0,47433.99355630938,287.133153780611,1783267407.780128
1.0,9.0,2.725480556997868,0.5032583347756457,0.0,34.225228584385505,0.1111111111111111,1.0,7466.79261426514,107.69640714114428,1783267408.780128
1.0,12.0,2.617492461184755,0.6500224216483541,0.0,25.59333124538851,0.16666666666666666,1.0,8327.64890244685,173.5242520819671,1783267409.780128
1.0,11.0,3.095795255000934,1.0957952550009336,0.0,20.235122393729398,0.09090909090909091,1.0,15606.968115673088,163.31261321883142,1783267410.780128
2.0,13.0,3.3927474104487847,0.7732283485249176,0.0,19.45985935589443,0.15384615384615385,1.0,13785.988582336331,116.01087592692907,1783267411.780128
2.0,10.0,3.1219280948873624,0.4689955935892812,0.0,31.9932638293403,0.2,1.0,22120.72146226499,101.1893406771023,1783267412.780128
5.0,15.0,3.640223928941852,0.6998428398862386,0.0,17.62762077493012,0.13333333333333333,1.0,46282.56403236022,105.76868066457011,1783267413.780128
2.0,9.0,3.169925001442312,-0.0,0.0,31.6165016311983,0.2222222222222222,1.0,41590.068057503566,126.5576987429493,1783267414.780128
146.0,363.0,-0.0,0.5195581787162733,0.9201101928374655,0.010986439007867985,0.0027548209366391185,0.0,18.414071602080057,5.146578710451499,1783267415.780128
104.0,790.0,-0.0,0.43726530825641774,0.9367088607594937,0.01437140289581543,0.0012658227848101266,0.0,17.70351170642434,4.883991390412353,1783267416.780128
3.0,13.0,3.180832987205441,0.39124356362925566,0.0,24.510304462751627,0.15384615384615385,1.0,6852.417029123785,172.93048625653915,1783267417.780128
1.0,10.0,2.9219280948873623,0.4689955935892812,0.0,30.345798181824414,0.2,1.0,34002.36574449229,128.19010362218555,1783267418.780128
1.0,3.0,1.584962500721156,0.9182958340544896,0.0,3.2644588633021905,0.6666666666666666,1.0,8205.873689010818,170.52956732875776,1783267419.780128
1.0,4.0,2.0,0.8112781244591328,0.0,14.491513547921782,0.25,1.0,8383.753510013677,209.2775668818806,1783267420.780128
2.0,11.0,3.095795255000934,1.3092966682370037,0.0,27.316024118594353,0.09090909090909091,1.0,6472.977189123185,136.2426178150248,1783267421.780128
3.0,13.0,3.3927474104487847,0.39124356362925566,0.0,22.5508019408786,0.07692307692307693,1.0,7453.9888495510095,131.29180213437664,1783267422.780128
22.0,215.0,5.605945551848533,1.3758705899165016,0.0,0.10194391601498379,0.06976744186046512,1.0,485.6068559659988,31.603456083581488,1783267423.780128
2.0,11.0,3.2776134368191157,0.8658566174572235,0.0,22.25088037931923,0.09090909090909091,1.0,6491.754053482701,154.18142559984327,1783267424.780128
3.0,20.0,3.8219280948873626,0.7475846798245739,0.0,11.885679363556882,0.05,1.0,6116.362862071406,101.88708856272945,1783267425.780128
1.0,3.0,1.584962500721156,0.9182958340544896,0.0,55.06007037184179,0.3333333333333333,1.0,6475.027747688294,86.78164168378778,1783267426.780128
1.0,6.0,2.584962500721156,1.2516291673878228,0.0,48.343648468601856,0.3333333333333333,1.0,33848.67894861876,121.63369050829077,1783267427.780128
2.0,9.0,3.169925001442312,1.4355205042826666,0.0,42.44488387819493,0.2222222222222222,1.0,41911.34730528768,129.67346490319443,1783267428.780128
3.0,10.0,3.1219280948873624,0.9219280948873623,0.0,15.633906242858552,0.2,1.0,35493.32515589688,182.8451755508529,1783267429.780128
3.0,7.0,2.8073549220576037,0.5916727785823275,0.0,24.12782589679709,0.14285714285714285,1.0,47049.19690220926,116.8018183159182,1783267430.780128
3.0,7.0,2.521640636343318,0.5916727785823275,0.0,10.770397483799474,0.14285714285714285,1.0,8456.538583222085,118.60403108864466,1783267431.780128
5.0,8.0,2.75,0.5435644431995964,0.0,63.75479586105885,0.125,1.0,6715.848067657364,107.91996703907154,1783267432.780128
1.0,3.0,1.584962500721156,-0.0,0.0,74.54356950477464,0.3333333333333333,1.0,72977.65096475312,63.97322356528029,1783267433.780128
3.0,18.0,3.614369445886757,0.8030717273241024,0.0,15.184813235229036,0.05555555555555555,1.0,44431.83386773129,186.51568929433571,1783267434.780128
1.0,10.0,3.1219280948873624,0.4689955935892812,0.0,41.76218195095164,0.1,1.0,19806.434914216923,137.5112520648563,1783267435.780128
1.0,6.0,2.584962500721156,-0.0,0.0,38.21268359777656,0.3333333333333333,1.0,9857.4469395816,78.01731645389161,1783267436.780128
1.0,9.0,2.725480556997868,-0.0,0.0,22.29620643350221,0.1111111111111111,1.0,47711.58011426576,149.3462001525315,1783267437.780128
3.0,12.0,3.2516291673878226,0.6500224216483541,0.0,28.161977789584263,0.16666666666666666,1.0,13927.587788488738,94.23553140290491,1783267438.780128
3.0,12.0,3.2516291673878226,0.8166890883150209,0.0,25.323826949714732,0.16666666666666666,1.0,10032.236923885404,162.09684605198214,1783267439.780128
3.0,17.0,3.146286370662104,0.3227569588973982,0.0,14.975959927976435,0.11764705882352941,1.0,23663.14271415135,186.0601480072253,1783267440.780128
165.0,477.0,-0.0,0.6576164696831841,0.8930817610062893,0.009152446122258587,0.0020964360587002098,0.0,17.71802831541357,4.750092836625007,1783267441.780128
1.0,13.0,3.0269868333592873,1.1451104143815827,0.0,24.775811162078348,0.15384615384615385,1.0,34611.14932599995,91.54948920861861,1783267442.780128
2.0,12.0,2.8553885422075336,0.41381685030363374,0.0,23.765686003860285,0.16666666666666666,1.0,7682.515471490895,151.97605373574783,1783267443.780128
1.0,14.0,3.521640636343318,0.7345299214394703,0.0,16.72438483560825,0.14285714285714285,1.0,34647.17824991407,149.80686852458686,1783267444.780128
3.0,12.0,3.4182958340544896,1.0408520829727552,0.0,37.40313068683146,0.08333333333333333,1.0,9384.249433185503,199.49525778521124,1783267445.780128
2.0,10.0,2.6464393446710157,1.295461844238322,0.0,25.44817606038915,0.1,1.0,7979.335154705002,167.12464709511482,1783267446.780128
3.0,14.0,3.0930692077718898,0.7345299214394703,0.0,11.193253078272908,0.14285714285714285,1.0,8167.396580373632,146.55643551618192,1783267447.780128
1.0,7.0,2.8073549220576037,0.863120568566631,0.0,24.23277823174036,0.14285714285714285,1.0,49017.11495998107,161.89125391829572,1783267448.780128
3.0,11.0,3.0271691184406184,0.8658566174572235,0.0,25.22117963982752,0.18181818181818182,1.0,15749.318485688083,158.0857414075148,1783267449.780128
1.0,12.0,3.4182958340544896,1.207518749639422,0.0,25.048651554213144,0.08333333333333333,1.0,49996.20034623237,134.6019890437933,1783267450.780128
106.0,585.0,-0.0,0.6384615526616059,0.8957264957264958,0.014398362422486178,0.0017094017094017094,0.0,17.786882309644795,5.002377171704438,1783267451.780128
1.0,9.0,2.94770277922009,1.224394445405986,0.0,20.0395028425997,0.2222222222222222,1.0,38084.69613243619,145.91622120624942,1783267452.780128
1.0,11.0,3.2776134368191157,1.0957952550009336,0.0,21.062042861414504,0.09090909090909091,1.0,37418.925612096835,143.75087351513255,1783267453.780128
206.0,206.0,-0.0,0.4597084296345354,0.9320388349514563,0.005712143612171105,0.0048543689320388345,0.0,17.557987550663896,4.98779417115618,1783267454.780128
108.0,750.0,-0.0,0.4646911136373869,0.9306666666666666,0.01357851393810867,0.0013333333333333333,0.0,17.808390435843517,4.942960576540865,1783267455.780128
2.0,11.0,2.913977073182752,0.6840384356390417,0.0,21.944927072604184,0.09090909090909091,1.0,7552.843170861975,105.35189690659672,1783267456.780128
2.0,9.0,2.94770277922009,0.7642045065086203,0.0,21.305621477401317,0.2222222222222222,1.0,31688.653165517215,122.10389132938302,1783267457.780128
3.0,11.0,3.2776134368191157,-0.0,0.0,25.90875762076782,0.18181818181818182,1.0,11478.380139121628,95.8625976925497,1783267458.780128
4.0,11.0,3.095795255000934,1.0957952550009336,0.0,8.70855278067806,0.18181818181818182,1.0,39261.14818864712,144.75409116529627,1783267459.780128
20.0,202.0,5.610400379550701,1.3224877405943247,0.0,0.10976220761910675,0.07425742574257425,1.0,532.7304094735657,28.112101692393434,1783267460.780128
4.0,14.0,3.1820058147602133,0.7345299214394703,0.0,19.609267118034154,0.14285714285714285,1.0,13188.798573948114,155.71506734353682,1783267461.780128
163.0,558.0,-0.0,0.5178530169528001,0.9193548387096774,0.009353313544750776,0.0017921146953405018,0.0,17.077388975214973,5.036953988716802,1783267462.780128
1.0,12.0,3.4182958340544896,0.41381685030363374,0.0,22.661676394670987,0.16666666666666666,1.0,5691.585213490548,183.6202479427186,1783267463.780128
1.0,3.0,1.584962500721156,-0.0,0.0,25.61290738826465,0.3333333333333333,1.0,7523.172358342811,67.233101966219,1783267464.780128
432.0,1941.0,0.9999768323935303,1.8616541590643139,0.0,0.0020425889782884465,0.0005151983513652757,1.0,117.24181072013319,402.9393324753593,1783267465.780128
1.0,7.0,2.8073549220576037,0.5916727785823275,0.0,23.782522148686862,0.14285714285714285,1.0,6316.780923705937,96.01693303043702,1783267466.780128
1.0,4.0,2.0,0.8112781244591328,0.0,29.697341711977266,0.5,1.0,4540.129697119529,159.1580451417186,1783267467.780128
1.0,6.0,2.2516291673878226,-0.0,0.0,32.01586005742236,0.3333333333333333,1.0,9296.344200813564,106.73784708340337,1783267468.780128
2.0,9.0,2.725480556997868,1.4355205042826666,0.0,19.365454118458093,0.2222222222222222,1.0,39358.545195985644,121.46716062834066,1783267469.780128
2.0,8.0,2.5,0.8112781244591328,0.0,38.866097251425295,0.25,1.0,6626.286031513322,99.15374695751183,1783267470.780128
2.0,8.0,3.0,0.5435644431995964,0.0,56.69692921921812,0.125,1.0,7725.232801623892,115.4559501652965,1783267471.780128
2.0,12.0,3.084962500721156,1.0408520829727552,0.0,21.222450051076546,0.08333333333333333,1.0,7550.085084810554,175.4840325551535,1783267472.780128
1.0,13.0,3.546593564294939,0.7732283485249176,0.0,11.915939975433618,0.07692307692307693,1.0,14109.310311789126,115.46739799614434,1783267473.780128
1.0,6.0,2.584962500721156,0.9182958340544896,0.0,29.42634078286169,0.3333333333333333,1.0,5275.308019443035,70.20104700073924,1783267474.780128
1.0,12.0,3.2516291673878226,0.8166890883150209,0.0,34.872357490219976,0.16666666666666666,1.0,33236.64399424226,146.58026242756333,1783267475.780128
4.0,10.0,2.9219280948873623,0.9219280948873623,0.0,35.58713985842658,0.1,1.0,20642.11498746084,162.14174354557804,1783267476.780128
3.0,7.0,2.128085278891394,-0.0,0.0,77.42979892354644,0.2857142857142857,1.0,6677.8643470869665,119.6774951991512,1783267477.780128
2.0,17.0,3.616874605956222,0.6402064333604701,0.0,16.162589783632193,0.058823529411764705,1.0,30484.427007779675,124.47296363656883,1783267478.780128
2.0,14.0,3.6644977792004614,0.7345299214394703,0.0,25.459508410463545,0.07142857142857142,1.0,36409.62616292806,170.9703375404088,1783267479.780128
1.0,2.0,1.0,-0.0,0.0,0.0,0.5,1.0,8046.168063121724,25.950818869546286,1783267480.780128
1.0,7.0,2.2359263506290326,0.5916727785823275,0.0,31.283257115294695,0.14285714285714285,1.0,12794.086915446525,179.311572409591,1783267481.780128
4.0,8.0,2.75,1.2987949406953985,0.0,12.987975906563479,0.25,1.0,4568.680639496953,106.50795325769273,1783267482.780128
3.0,12.0,3.4182958340544896,1.188721875540867,0.0,14.936684244070488,0.16666666666666666,1.0,38825.969334813504,122.83846253835921,1783267483.780128
102.0,642.0,-0.0,0.5910969058777499,0.9049844236760125,0.015026380663372455,0.001557632398753894,0.0,17.656230844759335,4.8548398148016405,1783267484.780128
2.0,9.0,2.113283334294875,1.4355205042826666,0.0,29.612529081275202,0.2222222222222222,1.0,33501.222563512514,145.5696396917984,1783267485.780128
2.0,6.0,2.584962500721156,0.6500224216483541,0.0,8.654014763565728,0.3333333333333333,1.0,8848.567690121756,122.87740231629246,1783267486.780128
4.0,16.0,3.577819531114783,0.6685644431995964,0.0,16.213071271444615,0.0625,1.0,15990.188932462097,125.26476426620005,1783267487.780128
3.0,13.0,3.546593564294939,1.1401156785146092,0.0,26.197814642223868,0.15384615384615385,1.0,7209.822233663299,139.54919314597382,1783267488.780128
3.0,3.0,1.584962500721156,1.584962500721156,0.0,5.325030256704777,0.3333333333333333,1.0,36158.809774843714,154.5364142632193,1783267489.780128
2.0,10.0,2.1609640474436813,0.7219280948873623,0.0,27.14878623092744,0.2,1.0,9179.682522348532,139.33793293843408,1783267490.780128
3.0,12.0,3.2516291673878226,0.41381685030363374,0.0,25.49526146397057,0.08333333333333333,1.0,9155.890885190536,178.94754860437502,1783267491.780128
268.0,357.0,-0.0,0.4231286630538962,0.938375350140056,0.005526746493519546,0.0028011204481792717,0.0,17.715789006462195,4.818992749672112,1783267492.780128
1.0,6.0,1.792481250360578,-0.0,0.0,32.241125647605564,0.3333333333333333,1.0,52486.90890022006,113.05786129234889,1783267493.780128
1.0,11.0,2.6635327548042547,1.2776134368191154,0.0,16.427552973870448,0.09090909090909091,1.0,36597.18973388779,158.74793398798786,1783267494.780128
3.0,16.0,3.375,1.5016144718101818,0.0,31.608464679598878,0.125,1.0,16402.282781038946,157.75548115147484,1783267495.780128
2.0,15.0,3.506890595608519,1.2366407419411674,0.0,15.831581582325178,0.06666666666666667,1.0,24460.055514674375,121.00334981589009,1783267496.780128
2.0,5.0,1.9219280948873623,0.7219280948873623,0.0,24.934802068324654,0.2,1.0,50099.59059712963,116.62172610624488,1783267497.780128
1.0,9.0,2.725480556997868,0.9864267287308425,0.0,25.00743769137622,0.2222222222222222,1.0,7404.287622347233,163.63100256369512,1783267498.780128
2.0,12.0,3.4182958340544896,0.8166890883150209,0.0,17.834287779043528,0.08333333333333333,1.0,32533.758141165905,137.46621954193515,1783267499.780128
1.0,8.0,2.75,-0.0,0.0,20.502054349380494,0.125,1.0,35421.91130576626,116.48520445594306,1783267500.780128
1.0,8.0,2.75,0.8112781244591328,0.0,29.144665467286465,0.125,1.0,40968.655333550865,117.356352923174,1783267501.780128
3.0,10.0,3.1219280948873624,0.7219280948873623,0.0,29.743153571492776,0.2,1.0,42280.82267674344,213.08132093952614,1783267502.780128
3.0,11.0,3.095795255000934,0.6840384356390417,0.0,24.326564673377757,0.18181818181818182,1.0,33969.95268549171,144.81914300885148,1783267503.780128
1.0,7.0,2.8073549220576037,1.3787834934861753,0.0,82.79720070277105,0.2857142857142857,1.0,7010.701887284964,214.75195658513303,1783267504.780128
4.0,15.0,3.139572261986723,0.35335933502142136,0.0,19.493850764265122,0.06666666666666667,1.0,17174.6185809176,119.57067724631678,1783267505.780128
2.0,15.0,3.323231428797621,0.6998428398862386,0.0,18.34299454144867,0.06666666666666667,1.0,34907.45766915444,134.43266964048087,1783267506.780128
1.0,16.0,3.452819531114783,1.1216407621868583,0.0,13.712666916220227,0.0625,1.0,46939.78051463918,135.31522703179664,1783267507.780128
3.0,4.0,2.0,0.8112781244591328,0.0,14.136729571305713,0.5,1.0,6191.593030069079,195.39076018754486,1783267508.780128
2.0,8.0,2.75,1.2987949406953985,0.0,38.67646576236272,0.25,1.0,38473.47454671112,122.40025385127738,1783267509.780128
1.0,12.0,2.8553885422075336,1.4182958340544896,0.0,19.923159206387467,0.16666666666666666,1.0,21637.749606248966,139.67454676909287,1783267510.780128
2.0,13.0,3.546593564294939,0.7732283485249176,0.0,16.284546563887492,0.15384615384615385,1.0,6856.162696660351,141.80258668213213,1783267511.780128
3.0,15.0,3.056564762130954,0.5665095065529053,0.0,16.738976528328326,0.06666666666666667,1.0,7099.623499742451,192.35432781346884,1783267512.780128
2.0,11.0,2.913977073182752,1.6858157091530304,0.0,26.273606292281848,0.09090909090909091,1.0,7835.781752494595,162.30966139394837,1783267513.780128
3.0,10.0,3.1219280948873624,1.1567796494470395,0.0,27.724946582811057,0.1,1.0,9113.336406363784,108.39277138669759,1783267514.780128
2.0,14.0,3.521640636343318,1.0892300788425848,0.0,16.603005482619828,0.14285714285714285,1.0,6635.0016707103905,162.15344516913535,1783267515.780128
1.0,6.0,2.584962500721156,0.9182958340544896,0.0,48.387135793561484,0.3333333333333333,1.0,55096.26387847606,81.44803660412366,1783267516.780128
1.0,4.0,2.0,1.5,0.0,11.864593526375604,0.5,1.0,3478.1330720181863,125.54697328091986,1783267517.780128
2.0,15.0,3.106890595608519,0.6998428398862386,0.0,22.389122747717323,0.13333333333333333,1.0,12372.566830732916,132.76991806451167,1783267518.780128
1.0,7.0,2.521640636343318,0.5916727785823275,0.0,21.483320898936043,0.14285714285714285,1.0,41686.6033710957,151.92599075427043,1783267519.780128
2.0,12.0,3.4182958340544896,1.0408520829727552,0.0,25.662488521294545,0.16666666666666666,1.0,29626.97686947223,115.43908632484558,1783267520.780128
4.0,15.0,3.506890595608519,0.35335933502142136,0.0,15.06979316283614,0.06666666666666667,1.0,23244.8954668905,137.727388430223,1783267521.780128
1.0,10.0,3.1219280948873624,0.9219280948873623,0.0,21.09491739514264,0.2,1.0,8079.080756978345,139.65370226225852,1783267522.780128
3.0,4.0,2.0,-0.0,0.0,9.622400164370779,0.5,1.0,5516.016346362049,60.84254953018762,1783267523.780128
1.0,8.0,2.5,0.8112781244591328,0.0,39.76517530613408,0.125,1.0,8856.453478356092,144.00715694020212,1783267524.780128
1.0,10.0,2.9219280948873623,0.8812908992306927,0.0,23.17337532898321,0.1,1.0,9337.398105944123,137.95001067214326,1783267525.780128
1.0,7.0,2.8073549220576037,0.5916727785823275,0.0,32.56117103506102,0.14285714285714285,1.0,11890.156585135774,137.10803178863148,1783267526.780128
2.0,6.0,2.584962500721156,1.2516291673878228,0.0,9.592406082615613,0.3333333333333333,1.0,5921.392099835984,73.30979243366242,1783267527.780128
1.0,13.0,3.0269868333592873,0.9912642605354288,0.0,21.493449282197425,0.15384615384615385,1.0,44103.26909375778,155.5816320481606,1783267528.780128
1.0,13.0,3.3927474104487847,0.39124356362925566,0.0,17.966456771824777,0.15384615384615385,1.0,16289.427940877042,116.96262333074723,1783267529.780128
3.0,9.0,2.94770277922009,-0.0,0.0,12.448443811828193,0.1111111111111111,1.0,34820.87842125437,121.58290838399577,1783267530.780128
3.0,12.0,3.2516291673878226,1.207518749639422,0.0,20.01760370860455,0.08333333333333333,1.0,35700.524626800485,129.0387996618917,1783267531.780128
2.0,8.0,2.75,1.9056390622295665,0.0,37.94564938796165,0.125,1.0,5911.2237553415525,215.72677163486222,1783267532.780128
1.0,12.0,3.2516291673878226,0.41381685030363374,0.0,16.221950630465017,0.16666666666666666,1.0,26079.464782776136,173.24071250631872,1783267533.780128
1.0,13.0,3.3927474104487847,-0.0,0.0,18.377601406956416,0.15384615384615385,1.0,7433.754091805559,131.32352543749857,1783267534.780128
2.0,12.0,3.084962500721156,0.6500224216483541,0.0,26.57328165328501,0.16666666666666666,1.0,16936.02736145283,100.3516755608933,1783267535.780128
2.0,14.0,3.3787834934861753,0.37123232664087563,0.0,15.733841839549177,0.14285714285714285,1.0,43432.69001519529,143.16972809905047,1783267536.780128
2.0,12.0,3.084962500721156,0.8166890883150209,0.0,20.067758672781974,0.16666666666666666,1.0,39731.784604280096,118.04687307347129,1783267537.780128
4.0,11.0,2.6635327548042547,1.4949188482339508,0.0,22.035216463348547,0.09090909090909091,1.0,47548.5093547058,137.6078710750885,1783267538.780128
1.0,6.0,2.2516291673878226,0.6500224216483541,0.0,45.65898945818789,0.16666666666666666,1.0,6290.988011963356,147.28852863229596,1783267539.780128
2.0,10.0,3.1219280948873624,0.4689955935892812,0.0,29.21463972689656,0.1,1.0,6279.831421127304,164.28782872345312,1783267540.780128
1.0,5.0,1.9219280948873623,-0.0,0.0,23.871209432687444,0.2,1.0,6140.8729998266535,106.29777514134527,1783267541.780128
2.0,12.0,3.584962500721156,0.8166890883150209,0.0,27.593178229062662,0.08333333333333333,1.0,37700.10125729911,154.5912312774524,1783267542.780128
2.0,14.0,3.521640636343318,1.0892300788425848,0.0,21.829525462738687,0.07142857142857142,1.0,7666.214602733531,151.06790046019222,1783267543.780128
4.0,12.0,3.084962500721156,0.8166890883150209,0.0,42.07365094538366,0.16666666666666666,1.0,38296.74807778506,168.90458306931217,1783267544.780128
1.0,7.0,2.521640636343318,-0.0,0.0,24.50352334822472,0.14285714285714285,1.0,8599.836620817974,205.08835029950245,1783267545.780128
2.0,17.0,3.572469458770135,1.2772018112022603,0.0,20.76635641245545,0.11764705882352941,1.0,29338.53126849821,144.16223907969308,1783267546.780128
4.0,13.0,3.0850551027564768,0.6193821946787638,0.0,25.373704656497374,0.07692307692307693,1.0,50204.247424255824,146.35379595262842,1783267547.780128
2.0,11.0,3.095795255000934,0.6840384356390417,0.0,18.209681821302148,0.18181818181818182,1.0,12677.859062877369,120.61281327982003,1783267548.780128
4.0,12.0,3.084962500721156,0.8166890883150209,0.0,32.38434594730414,0.16666666666666666,1.0,23142.655862851258,207.4133910159305,1783267549.780128
1.0,13.0,3.3927474104487847,0.39124356362925566,0.0,31.08317289621559,0.15384615384615385,1.0,22492.01024210084,151.11892582859946,1783267550.780128
4.0,16.0,3.452819531114783,0.6685644431995964,0.0,19.539097812222433,0.125,1.0,30005.40802304089,150.23994087237034,1783267551.780128
3.0,12.0,3.4182958340544896,0.41381685030363374,0.0,26.613814323000923,0.16666666666666666,1.0,28066.102703612,124.91594507240993,1783267552.780128
2.0,8.0,2.75,1.061278124459133,0.0,36.469223074272335,0.125,1.0,8004.492435055276,130.86616868825516,1783267553.780128
2.0,8.0,2.5,-0.0,0.0,14.933418737791081,0.25,1.0,28949.051239079618,178.33059538396657,1783267554.780128
1.0,15.0,3.506890595608519,1.0529815751302694,0.0,19.95461461158024,0.13333333333333333,1.0,17610.237553358395,149.98736232477341,1783267555.780128
2.0,4.0,2.0,0.8112781244591328,0.0,6.064886849667521,0.25,1.0,5107.158407568733,143.2148124322341,1783267556.780128
1.0,5.0,2.321928094887362,-0.0,0.0,31.777466743164137,0.2,1.0,5489.472971060154,203.2696903131404,1783267557.780128
3.0,12.0,3.2516291673878226,0.41381685030363374,0.0,31.573477324896253,0.08333333333333333,1.0,36170.013232544225,120.78005147098312,1783267558.780128
3.0,6.0,2.584962500721156,-0.0,0.0,20.83234700105153,0.3333333333333333,1.0,8618.486773597015,186.28898697096042,1783267559.780128
2.0,13.0,3.180832987205441,0.9912642605354288,0.0,25.083674497636448,0.07692307692307693,1.0,29256.286559363438,142.41556337812133,1783267560.780128
2.0,15.0,3.456564762130954,1.4716022614097979,0.0,10.525337105244247,0.13333333333333333,1.0,20356.75885582687,125.12658276435793,1783267561.780128
5.0,5.0,2.321928094887362,0.9709505944546686,0.0,7.021185757988806,0.2,1.0,4300.535222504287,195.1606440858402,1783267562.780128
2.0,8.0,2.5,0.8112781244591328,0.0,36.93091620725663,0.125,1.0,19727.953807442154,173.66594318238845,1783267563.780128
3.0,14.0,3.521640636343318,0.37123232664087563,0.0,15.65137634790648,0.14285714285714285,1.0,46176.001868686326,117.24687957140168,1783267564.780128
1.0,4.0,2.0,0.8112781244591328,0.0,87.03973594247469,0.5,1.0,6142.190624416232,184.9510633473983,1783267565.780128
3.0,6.0,2.2516291673878226,0.6500224216483541,0.0,19.69555129416241,0.3333333333333333,1.0,8090.8463525146735,184.62937740240582,1783267566.780128
1.0,9.0,3.169925001442312,-0.0,0.0,12.160176440260406,0.2222222222222222,1.0,36075.33020446398,122.54660338010189,1783267567.780128
4.0,4.0,1.5,-0.0,0.0,11.30919441140571,0.25,1.0,10203.9810327473,68.16868171430826,1783267568.780128
2.0,9.0,2.725480556997868,0.7642045065086203,0.0,26.948811376195334,0.2222222222222222,1.0,7208.657892500594,97.43477875538646,1783267569.780128
1.0,16.0,3.0306390622295662,0.8683927290103626,0.0,17.80399886216033,0.125,1.0,34098.87802235337,132.48962207785686,1783267570.780128
1.0,11.0,3.095795255000934,1.0957952550009336,0.0,21.910411617491558,0.09090909090909091,1.0,37700.30214057852,122.18112039844037,1783267571.780128
1.0,15.0,3.640223928941852,1.640223928941852,0.0,23.058297277053164,0.13333333333333333,1.0,36322.45406645211,121.36118387845823,1783267572.780128
3.0,13.0,3.0269868333592873,1.1451104143815827,0.0,16.007030431378926,0.07692307692307693,1.0,33141.77217999618,143.90264559853097,1783267573.780128
1.0,5.0,1.9219280948873623,1.5219280948873621,0.0,65.05085848584389,0.4,1.0,9784.56671498539,195.76980104193805,1783267574.780128
2.0,11.0,3.2776134368191157,0.6840384356390417,0.0,27.929895869561765,0.18181818181818182,1.0,45286.1259235501,100.22693613631382,1783267575.780128
3.0,12.0,3.4182958340544896,0.6500224216483541,0.0,26.42566774241359,0.16666666666666666,1.0,25744.06629721015,127.87945643764631,1783267576.780128
4.0,13.0,3.3927474104487847,0.39124356362925566,0.0,21.212011071203023,0.07692307692307693,1.0,8836.77205394217,147.65143421464293,1783267577.780128
1.0,5.0,2.321928094887362,-0.0,0.0,18.57261737518221,0.2,1.0,7306.620333642634,53.82989875524567,1783267578.780128
1.0,6.0,2.2516291673878226,1.2516291673878228,0.0,34.644442567067124,0.16666666666666666,1.0,6999.762815029282,99.67034998768023,1783267579.780128
3.0,4.0,2.0,-0.0,0.0,12.176788497394076,0.5,1.0,10601.100901950387,196.47197425247876,1783267580.780128
1.0,8.0,2.5,1.75,0.0,37.8681641690591,0.125,1.0,6665.145640622888,176.79817185544815,1783267581.780128
4.0,16.0,3.625,0.6685644431995964,0.0,16.602388879765208,0.0625,1.0,14132.585737548761,112.95624816715542,1783267582.780128
3.0,4.0,2.0,0.8112781244591328,0.0,7.280982390719414,0.25,1.0,62952.787046457815,107.26543400990525,1783267583.780128
2.0,12.0,3.4182958340544896,0.8166890883150209,0.0,24.180554063687307,0.16666666666666666,1.0,6444.498348956028,159.97896642049446,1783267584.780128
3.0,16.0,3.625,1.3716407621868583,0.0,17.71874939837029,0.0625,1.0,7621.016944115792,97.74068732279987,1783267585.780128
1.0,8.0,3.0,0.954434002924965,0.0,25.2603633054544,0.125,1.0,38329.019792915584,100.55805625891657,1783267586.780128
1.0,10.0,3.1219280948873624,1.1567796494470395,0.0,23.51621824768245,0.2,1.0,8400.312632409714,158.80540188125426,1783267587.780128
1.0,8.0,3.0,0.5435644431995964,0.0,40.34924101616858,0.125,1.0,45450.86863227777,145.74202257021528,1783267588.780128
1.0,16.0,3.452819531114783,1.3244602933016414,0.0,23.26041478223025,0.125,1.0,19173.67328211177,142.06295728772272,1783267589.780128
2.0,11.0,3.095795255000934,1.2406705316766884,0.0,25.24025772126765,0.18181818181818182,1.0,7771.866216740294,184.01349456444268,1783267590.780128
1.0,9.0,2.94770277922009,-0.0,0.0,25.14887245901478,0.1111111111111111,1.0,8694.167398319405,168.01795621632562,1783267591.780128
1.0,11.0,3.095795255000934,0.4394969869215134,0.0,29.934354869048928,0.18181818181818182,1.0,18023.9143216097,176.52607430374388,1783267592.780128
1.0,7.0,2.128085278891394,1.8423709931771084,0.0,67.44660479173228,0.14285714285714285,1.0,9401.88949854534,154.85729682824888,1783267593.780128
2.0,12.0,3.084962500721156,-0.0,0.0,15.291706160858947,0.08333333333333333,1.0,30533.97030085235,136.38775938144488,1783267594.780128
3.0,12.0,3.2516291673878226,0.41381685030363374,0.0,32.48573621271116,0.08333333333333333,1.0,19058.208403348268,159.15508921879444,1783267595.780128
2.0,7.0,2.521640636343318,1.3787834934861753,0.0,76.78396959461324,0.2857142857142857,1.0,6802.3809172125275,74.1779777356621,1783267596.780128
1.0,9.0,3.169925001442312,0.5032583347756457,0.0,30.44109804541768,0.2222222222222222,1.0,44283.44393788721,148.65690177198113,1783267597.780128
1.0,16.0,3.875,1.1994602933016414,0.0,13.218221661764876,0.0625,1.0,23159.833435551733,144.75619143350426,1783267598.780128
1.0,12.0,3.2516291673878226,0.8166890883150209,0.0,18.381045502817766,0.08333333333333333,1.0,17063.73561604382,154.23598482569335,1783267599.780128
1.0,5.0,1.9219280948873623,-0.0,0.0,30.289441010696493,0.4,1.0,57066.441320622056,138.15577078066627,1783267600.780128
3.0,9.0,2.94770277922009,1.7527152789797047,0.0,56.46126102041957,0.1111111111111111,1.0,25255.609619998835,160.7595029159327,1783267601.780128
2.0,12.0,3.084962500721156,1.207518749639422,0.0,23.5674396076111,0.16666666666666666,1.0,6773.963355221136,142.57827276144275,1783267602.780128
2.0,13.0,3.0850551027564768,-0.0,0.0,30.557661026130475,0.07692307692307693,1.0,6929.297521468222,159.84556408913687,1783267603.780128
2.0,8.0,3.0,0.5435644431995964,0.0,29.746714082776833,0.25,1.0,45051.68872607806,92.79276064743105,1783267604.780128
1.0,11.0,3.2776134368191157,-0.0,0.0,33.863257393424504,0.18181818181818182,1.0,35975.731947573164,146.23697766421336,1783267605.780128
2.0,13.0,2.931208948910323,0.9912642605354288,0.0,20.795858546634015,0.07692307692307693,1.0,7200.501713288937,151.13696539130427,1783267606.780128
2.0,13.0,3.3927474104487847,1.5058762556041068,0.0,28.75077770121278,0.15384615384615385,1.0,23627.54852405154,126.02289067609492,1783267607.780128
4.0,5.0,2.321928094887362,0.9709505944546686,0.0,41.66509037664333,0.2,1.0,9303.068391665192,54.42492994942667,1783267608.780128
4.0,13.0,3.3927474104487847,1.1451104143815827,0.0,19.557627782746074,0.15384615384615385,1.0,7404.5220079804385,197.80537637555992,1783267609.780128
1.0,12.0,3.2516291673878226,1.0408520829727552,0.0,18.56052333004432,0.16666666666666666,1.0,7384.729908275713,118.9291395212827,1783267610.780128
3.0,15.0,3.640223928941852,1.2366407419411674,0.0,17.880271318026015,0.06666666666666667,1.0,20903.947862499448,103.32927119511821,1783267611.780128
1.0,6.0,2.584962500721156,-0.0,0.0,41.78896025277889,0.16666666666666666,1.0,10795.332091541542,96.08828752766905,1783267612.780128
3.0,13.0,3.238901256602631,-0.0,0.0,27.817189342920496,0.07692307692307693,1.0,28116.022797941372,181.8163221495804,1783267613.780128
1.0,13.0,3.180832987205441,1.3520301017579528,0.0,20.996232566619152,0.07692307692307693,1.0,10939.47678634469,133.8959196827607,1783267614.780128
3.0,10.0,3.1219280948873624,1.1567796494470395,0.0,40.60182570872526,0.1,1.0,16095.257935525951,136.1912091305619,1783267615.780128
1.0,5.0,2.321928094887362,1.3709505944546687,0.0,15.593090346160336,0.4,1.0,7926.980333014584,167.3921802235696,1783267616.780128
2.0,4.0,1.5,0.8112781244591328,0.0,68.04002764836379,0.25,1.0,10137.877522769086,95.96162427415105,1783267617.780128
1.0,10.0,2.8464393446710154,0.4689955935892812,0.0,36.12966057324719,0.1,1.0,9169.802131028904,131.58415178128405,1783267618.780128
3.0,8.0,3.0,0.5435644431995964,0.0,29.472898928423554,0.125,1.0,7371.28308151689,143.0090050860934,1783267619.780128
5.0,12.0,3.2516291673878226,-0.0,0.0,26.129670984879233,0.16666666666666666,1.0,28667.570127103976,148.1958378755502,1783267620.780128
2.0,11.0,3.4594316186372973,0.4394969869215134,0.0,15.91302784010436,0.09090909090909091,1.0,17881.70524561092,87.06448498357149,1783267621.780128
3.0,11.0,3.095795255000934,0.8658566174572235,0.0,28.819577149334908,0.18181818181818182,1.0,48184.069980365166,91.20133571589638,1783267622.780128
1.0,10.0,2.9219280948873623,0.4689955935892812,0.0,24.48053309557854,0.1,1.0,4766.617622125311,151.96552094325725,1783267623.780128
3.0,11.0,3.2776134368191157,0.4394969869215134,0.0,29.70434677482325,0.18181818181818182,1.0,7892.278810215831,132.31439349999957,1783267624.780128
2.0,5.0,2.321928094887362,0.7219280948873623,0.0,72.23173750262701,0.4,1.0,47998.112793108856,156.57283608595714,1783267625.780128
1.0,8.0,2.5,-0.0,0.0,40.3595735544701,0.125,1.0,8475.04286440909,87.4909127934357,1783267626.780128
1.0,4.0,2.0,0.8112781244591328,0.0,44.203341311975976,0.25,1.0,8678.31075632426,73.45676733063243,1783267627.780128
2.0,5.0,2.321928094887362,-0.0,0.0,107.40860656960925,0.4,1.0,55305.76201626735,86.21443034666528,1783267628.780128
3.0,7.0,2.8073549220576037,0.5916727785823275,0.0,39.78324078681731,0.2857142857142857,1.0,41491.287623628494,166.53673697387242,1783267629.780128
1.0,7.0,2.521640636343318,0.863120568566631,0.0,37.802414477840145,0.2857142857142857,1.0,55651.114058074,109.78383956016216,1783267630.780128
2.0,6.0,2.584962500721156,0.6500224216483541,0.0,26.010149033323497,0.16666666666666666,1.0,6731.645702699056,118.24597103777644,1783267631.780128
3.0,13.0,3.180832987205441,0.7732283485249176,0.0,25.480850812456744,0.15384615384615385,1.0,23442.431921843272,141.73634289565925,1783267632.780128
1.0,8.0,2.5,1.061278124459133,0.0,28.114696709831765,0.25,1.0,26126.812505820257,97.00852595077845,1783267633.780128
3.0,15.0,3.240223928941852,1.0529815751302694,0.0,17.74805314088218,0.06666666666666667,1.0,31612.069760502192,139.16028168985574,1783267634.780128
2.0,9.0,2.4193819456463714,0.9864267287308425,0.0,10.76247020507757,0.2222222222222222,1.0,47377.71006174153,132.88930543877487,1783267635.780128
1.0,12.0,3.2516291673878226,0.41381685030363374,0.0,15.595875214041437,0.16666666666666666,1.0,21565.622540002845,125.89052844243348,1783267636.780128
2.0,16.0,3.577819531114783,0.6685644431995964,0.0,17.828615326384938,0.0625,1.0,50814.104553386554,162.3435267162404,1783267637.780128
2.0,13.0,3.0269868333592873,0.9912642605354288,0.0,14.941754988839927,0.07692307692307693,1.0,38508.8987965852,137.8772014957792,1783267638.780128
1.0,3.0,1.584962500721156,-0.0,0.0,138.60966646904396,0.3333333333333333,1.0,2219.250398971088,99.76093089648539,1783267639.780128
1.0,7.0,2.521640636343318,0.5916727785823275,0.0,18.89432431014067,0.2857142857142857,1.0,5353.352336442581,143.09239938551858,1783267640.780128
1.0,8.0,2.5,0.5435644431995964,0.0,46.25370436802129,0.125,1.0,6732.513174354517,117.78147971682863,1783267641.780128
3.0,3.0,1.584962500721156,-0.0,0.0,2.2799216319044415,0.6666666666666666,1.0,20817.078237191054,147.56430236792818,1783267642.780128
1.0,7.0,2.521640636343318,0.863120568566631,0.0,75.15302280024463,0.14285714285714285,1.0,36067.2583047152,151.02866646844927,1783267643.780128
1.0,9.0,3.169925001442312,1.4355205042826666,0.0,44.374986159422264,0.1111111111111111,1.0,39670.43811202493,176.46477693862875,1783267644.780128
2.0,7.0,2.8073549220576037,0.863120568566631,0.0,37.99402254848136,0.2857142857142857,1.0,30381.96606463086,139.47910749847603,1783267645.780128
3.0,13.0,3.546593564294939,1.3346791410515946,0.0,19.88443706238649,0.07692307692307693,1.0,29384.734413925253,114.699260051712,1783267646.780128
2.0,7.0,2.8073549220576037,0.5916727785823275,0.0,7.605158452855322,0.2857142857142857,1.0,46499.05137281221,123.40060006028371,1783267647.780128
2.0,6.0,2.2516291673878226,-0.0,0.0,19.65394632195788,0.3333333333333333,1.0,8497.97263861603,128.74438887449296,1783267648.780128
1.0,13.0,3.238901256602631,0.7793498372920851,0.0,27.007012633958528,0.15384615384615385,1.0,23845.181838750508,171.38285338941418,1783267649.780128
1.0,8.0,2.75,-0.0,0.0,47.789597079889106,0.125,1.0,7265.542334245551,141.93877704338385,1783267650.780128
1.0,18.0,3.4193819456463714,0.6143694458867568,0.0,19.871896134621927,0.05555555555555555,1.0,19381.9792574935,169.5589996994703,1783267651.780128
2.0,14.0,3.3787834934861753,0.74959525725948,0.0,14.829544463458776,0.07142857142857142,1.0,29440.15970164295,109.89147693655184,1783267652.780128
2.0,8.0,3.0,1.4056390622295665,0.0,16.653300564475035,0.25,1.0,15686.294130659779,163.3452500511898,1783267653.780128
3.0,7.0,2.8073549220576037,0.5916727785823275,0.0,47.49420523164774,0.2857142857142857,1.0,5108.233442665077,192.09730793086538,1783267654.780128
3.0,12.0,3.0220552088742005,1.4182958340544896,0.0,28.083610780552764,0.08333333333333333,1.0,31169.786917053916,195.55158274775357,1783267655.780128
4.0,10.0,2.8464393446710154,1.1567796494470395,0.0,38.226179605095666,0.2,1.0,7910.2666621718045,116.98226123837941,1783267656.780128
4.0,13.0,3.180832987205441,0.9912642605354288,0.0,25.325788123207168,0.15384615384615385,1.0,19402.703688483132,121.93961935823307,1783267657.780128
3.0,12.0,3.084962500721156,0.41381685030363374,0.0,31.204596398204767,0.16666666666666666,1.0,41688.67763190588,138.84860596631094,1783267658.780128
2.0,10.0,2.9219280948873623,0.7219280948873623,0.0,36.75555372171943,0.2,1.0,40293.8029776292,196.7112664117979,1783267659.780128
1.0,6.0,1.9182958340544896,-0.0,0.0,19.411826620838546,0.16666666666666666,1.0,9440.282933613094,119.28484676046101,1783267660.780128
2.0,13.0,3.3927474104487847,0.9912642605354288,0.0,16.112591007201157,0.15384615384615385,1.0,39916.05940274653,117.18236171641149,1783267661.780128
3.0,8.0,3.0,1.2987949406953985,0.0,34.31964832550403,0.125,1.0,18352.830096570156,116.74030320697794,1783267662.780128
3.0,9.0,2.725480556997868,0.5032583347756457,0.0,40.60015193347484,0.2222222222222222,1.0,5661.578654501862,134.50304829259446,1783267663.780128
2.0,14.0,3.521640636343318,1.0949143184120975,0.0,25.208094543397145,0.14285714285714285,1.0,27313.75142660754,133.77859106961557,1783267664.780128
1.0,5.0,2.321928094887362,0.7219280948873623,0.0,27.242659582025272,0.2,1.0,8680.735896224467,118.55440523236578,1783267665.780128
2.0,3.0,1.584962500721156,-0.0,0.0,2.4147711480646232,0.6666666666666666,1.0,1828.359191552178,145.28688860320466,1783267666.780128
1.0,9.0,3.169925001442312,0.7642045065086203,0.0,22.742204450932405,0.2222222222222222,1.0,4625.0823716388495,93.89822948277566,1783267667.780128
1.0,7.0,2.8073549220576037,0.863120568566631,0.0,18.822430514695196,0.2857142857142857,1.0,5676.245233636489,76.29204539449832,1783267668.780128
1.0,13.0,3.0269868333592873,1.3520301017579528,0.0,19.61933414850007,0.15384615384615385,1.0,8924.354977769024,144.1196146724426,1783267669.780128
1.0,9.0,2.94770277922009,0.5032583347756457,0.0,36.44071284394528,0.1111111111111111,1.0,8106.668489583129,132.5449934089469,1783267670.780128
2.0,4.0,2.0,-0.0,0.0,84.56073114804235,0.5,1.0,37151.908343762545,164.27735439392328,1783267671.780128
2.0,13.0,2.8150724101159437,0.39124356362925566,0.0,26.894511068505615,0.15384615384615385,1.0,28151.879592712172,143.86745858958392,1783267672.780128
1.0,12.0,3.2516291673878226,0.41381685030363374,0.0,23.883631955089562,0.08333333333333333,1.0,23213.201233676315,150.45280947455876,1783267673.780128
3.0,10.0,2.8464393446710154,1.5709505944546687,0.0,32.226155214291616,0.2,1.0,23612.538237366836,131.87700330231954,1783267674.780128
4.0,13.0,3.238901256602631,0.9912642605354288,0.0,30.30176587154386,0.15384615384615385,1.0,7359.068276448853,144.86293787311772,1783267675.780128
2.0,12.0,2.918295834054489,-0.0,0.0,20.32472687166712,0.16666666666666666,1.0,13706.7098042926,121.76730665370312,1783267676.780128
2.0,11.0,2.6635327548042547,1.0957952550009336,0.0,22.60106440605162,0.18181818181818182,1.0,14366.669017998824,108.10990956177211,1783267677.780128
2.0,14.0,2.9852281360342516,0.9463729359854419,0.0,14.490898499887237,0.07142857142857142,1.0,6964.72819535442,129.67763094316985,1783267678.780128
3.0,7.0,2.8073549220576037,0.5916727785823275,0.0,57.92557245478733,0.14285714285714285,1.0,40346.64674506951,107.24821454835283,1783267679.780128
1.0,7.0,2.128085278891394,1.1488348542809166,0.0,41.684638894836404,0.2857142857142857,1.0,62124.15984523405,164.69441832852573,1783267680.780128
2.0,6.0,2.584962500721156,1.9182958340544896,0.0,54.4334871545562,0.3333333333333333,1.0,50971.82912027649,206.95308405529985,1783267681.780128
1.0,7.0,2.8073549220576037,1.1488348542809166,0.0,32.71749950765757,0.2857142857142857,1.0,41241.920226298644,135.33387989568263,1783267682.780128
2.0,16.0,3.452819531114783,0.8683927290103626,0.0,18.474854302886072,0.125,1.0,30456.456449331068,100.62787863377292,1783267683.780128
1.0,16.0,3.625,1.4966407621868583,0.0,28.211710724587213,0.0625,1.0,31747.738641712735,167.64312840077878,1783267684.780128
1.0,10.0,3.3219280948873626,1.1567796494470395,0.0,16.49753216980608,0.1,1.0,5535.706379697375,94.59667835371154,1783267685.780128
3.0,15.0,2.7898980954642876,0.35335933502142136,0.0,13.056520540782005,0.13333333333333333,1.0,9025.065157395713,149.34424375534917,1783267686.780128
2.0,5.0,2.321928094887362,-0.0,0.0,22.293825155168786,0.4,1.0,7100.11864689598,112.67461115974618,1783267687.780128
2.0,4.0,1.5,0.8112781244591328,0.0,44.64863739073793,0.25,1.0,29066.6124430878,138.9133662875295,1783267688.780128
3.0,9.0,2.94770277922009,0.9864267287308425,0.0,17.465510063529617,0.2222222222222222,1.0,8223.618431755642,119.06769549760804,1783267689.780128
2.0,11.0,3.4594316186372973,0.8658566174572235,0.0,16.983995420491826,0.18181818181818182,1.0,21156.759999841874,122.37392176143055,1783267690.780128
1.0,11.0,3.095795255000934,1.6729330318733675,0.0,19.522662797737866,0.18181818181818182,1.0,12645.6885696272,154.91110236636894,1783267691.780128
3.0,9.0,2.94770277922009,0.7642045065086203,0.0,29.198203437856566,0.2222222222222222,1.0,38599.95477580828,181.8432391130094,1783267692.780128
2.0,10.0,3.1219280948873624,0.9219280948873623,0.0,31.1778060102514,0.1,1.0,7906.154117732169,131.00034944821925,1783267693.780128
1.0,11.0,2.7321588913645702,1.4911148500551856,0.0,23.247015766878203,0.18181818181818182,1.0,6092.962679861236,135.69062873784884,1783267694.780128
2.0,5.0,2.321928094887362,-0.0,0.0,65.74934326031753,0.2,1.0,7233.919912467928,141.9328115694183,1783267695.780128
1.0,8.0,2.1556390622295662,0.5435644431995964,0.0,38.03709127116233,0.125,1.0,8808.872668873615,113.86988737150836,1783267696.780128
1.0,6.0,2.584962500721156,1.2516291673878228,0.0,28.22304871838711,0.16666666666666666,1.0,9528.427257422916,133.42425191845746,1783267697.780128
2.0,13.0,3.546593564294939,0.7732283485249176,0.0,17.207361574228315,0.07692307692307693,1.0,21015.01571038414,137.2235369846008,1783267698.780128
2.0,7.0,2.2359263506290326,0.5916727785823275,0.0,46.90376271263507,0.2857142857142857,1.0,7991.740396899074,99.20448098558374,1783267699.780128
1.0,3.0,1.584962500721156,0.9182958340544896,0.0,18.134397056712476,0.3333333333333333,1.0,3408.9104319904523,226.13149566863376,1783267700.780128
2.0,8.0,2.75,1.061278124459133,0.0,35.081047796907654,0.25,1.0,6861.050834498417,187.69895920253336,1783267701.780128
4.0,14.0,3.3787834934861753,0.7345299214394703,0.0,20.5943282050451,0.07142857142857142,1.0,13983.296423916674,102.85258014147357,1783267702.780128
1.0,7.0,2.521640636343318,0.5916727785823275,0.0,31.384402924298243,0.2857142857142857,1.0,19131.550980115593,80.00382133730506,1783267703.780128
2.0,17.0,3.3371753411230767,0.8343470230852537,0.0,14.91636608362296,0.058823529411764705,1.0,40254.00825465927,123.96381053972732,1783267704.780128
3.0,8.0,2.5,0.5435644431995964,0.0,22.654428114864423,0.125,1.0,46492.0631012511,118.13453514047931,1783267705.780128
1.0,13.0,3.238901256602631,0.7732283485249176,0.0,26.052661143727367,0.07692307692307693,1.0,35431.746872123826,165.0101589724177,1783267706.780128
1.0,5.0,1.9219280948873623,1.3709505944546687,0.0,39.758100061356416,0.2,1.0,36003.73140800825,131.79836114307338,1783267707.780128
2.0,7.0,2.521640636343318,1.8423709931771084,0.0,51.4385138848825,0.14285714285714285,1.0,8315.747004214067,113.49546036652534,1783267708.780128
1.0,8.0,3.0,-0.0,0.0,42.07805234633007,0.25,1.0,20319.767708177318,178.4622283966154,1783267709.780128
2.0,9.0,3.169925001442312,0.5032583347756457,0.0,37.88600486923755,0.1111111111111111,1.0,26300.606677624586,112.76937502905851,1783267710.780128
1.0,10.0,3.1219280948873624,0.4689955935892812,0.0,23.564176623431255,0.2,1.0,19297.35597576921,174.21095896131857,1783267711.780128
3.0,13.0,3.0269868333592873,1.1401156785146092,0.0,18.65732486982849,0.07692307692307693,1.0,29259.901509727857,136.20012566355888,1783267712.780128
3.0,12.0,3.2516291673878226,-0.0,0.0,20.373378132512567,0.16666666666666666,1.0,15351.797824586203,132.11985949404908,1783267713.780128
2.0,6.0,1.9182958340544896,0.6500224216483541,0.0,46.76707054885977,0.3333333333333333,1.0,6888.404188683085,113.83192288047614,1783267714.780128
1.0,8.0,2.75,0.5435644431995964,0.0,27.907664373031686,0.25,1.0,32168.215958125056,156.2988963492705,1783267715.780128
1.0,5.0,2.321928094887362,0.7219280948873623,0.0,37.61340509541281,0.4,1.0,8632.118268420561,110.42953862078751,1783267716.780128
1.0,8.0,2.75,1.2987949406953985,0.0,26.069905346531616,0.25,1.0,8681.28731299191,117.49620966530914,1783267717.780128
1.0,12.0,2.8553885422075336,0.8166890883150209,0.0,12.034314821784731,0.16666666666666666,1.0,15099.163705518946,129.46223270502367,1783267718.780128
1.0,7.0,2.521640636343318,1.8423709931771084,0.0,15.34787372181206,0.2857142857142857,1.0,31768.895530661674,114.30098737231324,1783267719.780128
3.0,6.0,2.2516291673878226,-0.0,0.0,32.7561951904984,0.3333333333333333,1.0,7233.613223463545,128.2268250666243,1783267720.780128
4.0,14.0,3.3787834934861753,0.7345299214394703,0.0,11.472207204856032,0.14285714285714285,1.0,36031.78262731664,113.0811458619453,1783267721.780128
3.0,10.0,3.1219280948873624,1.1567796494470395,0.0,10.848401627708222,0.1,1.0,32347.801669424836,133.09839134181067,1783267722.780128
1.0,5.0,2.321928094887362,1.9219280948873623,0.0,27.462581200072435,0.4,1.0,5680.607476318004,186.41989432461332,1783267723.780128
3.0,6.0,2.584962500721156,0.9182958340544896,0.0,5.4081562900479,0.3333333333333333,1.0,9183.549023480338,131.32838865480178,1783267724.780128
4.0,8.0,2.4056390622295662,1.2987949406953985,0.0,22.875549639641328,0.125,1.0,4456.101513254447,119.20418257283232,1783267725.780128
1.0,5.0,2.321928094887362,0.7219280948873623,0.0,26.771484240300325,0.2,1.0,55829.84921437636,270.28026565030603,1783267726.780128
2.0,10.0,2.9219280948873623,0.9219280948873623,0.0,15.351638913220317,0.1,1.0,7304.179838360438,117.93620874580178,1783267727.780128
1.0,2.0,1.0,1.0,0.0,0.0,0.5,1.0,2901.2591232084046,13.364318164425752,1783267728.780128
2.0,5.0,2.321928094887362,0.7219280948873623,0.0,8.410915549944901,0.4,1.0,3122.0762802980967,206.21183768154532,1783267729.780128
3.0,7.0,2.8073549220576037,0.5916727785823275,0.0,15.680947728027354,0.2857142857142857,1.0,9029.195141581662,191.52121603226152,1783267730.780128
1.0,3.0,1.584962500721156,0.9182958340544896,0.0,24.547602128016745,0.6666666666666666,1.0,3985.4433044936586,73.92394740542471,1783267731.780128
3.0,4.0,2.0,0.8112781244591328,0.0,21.71899782831643,0.25,1.0,6338.673803196796,129.52972310117346,1783267732.780128
2.0,4.0,1.5,0.8112781244591328,0.0,2.3983912199973036,0.5,1.0,19202.685495784175,115.91695303103856,1783267733.780128
4.0,5.0,2.321928094887362,1.3709505944546687,0.0,29.751417233177868,0.2,1.0,13960.09621385182,96.27623278878333,1783267734.780128
2.0,3.0,1.584962500721156,0.9182958340544896,0.0,17.873897501310285,0.6666666666666666,1.0,61374.93103051114,90.77716306061419,1783267735.780128
2.0,2.0,1.0,-0.0,0.0,0.0,1.0,1.0,12901.163222748559,97.86357851621817,1783267736.780128
3.0,4.0,2.0,1.5,0.0,12.133324124298024,0.5,1.0,4585.001817520541,138.81717893209998,1783267737.780128
1.0,1.0,-0.0,-0.0,0.0,0.0,1.0,1.0,0.0,0.0,1783267738.780128
1.0,1.0,-0.0,-0.0,0.0,0.0,1.0,1.0,0.0,0.0,1783267739.780128
3.0,3.0,1.584962500721156,0.9182958340544896,0.0,5.204372090200396,0.3333333333333333,1.0,9841.60994620968,77.42902126033451,1783267740.780128
3.0,3.0,1.584962500721156,0.9182958340544896,0.0,1.265047773298127,0.3333333333333333,1.0,63736.43970550389,97.61316509569802,1783267741.780128
2.0,2.0,1.0,-0.0,0.0,0.0,0.5,1.0,42045.98342291449,265.6600176917859,1783267742.780128
1.0,1.0,-0.0,-0.0,0.0,0.0,1.0,1.0,0.0,0.0,1783267743.780128
2.0,2.0,1.0,-0.0,0.0,0.0,1.0,1.0,5254.510490997234,116.24835482706841,1783267744.780128
3.0,3.0,1.584962500721156,0.9182958340544896,0.0,0.4369842573323468,0.6666666666666666,1.0,11319.595413853505,99.39396359940578,1783267745.780128
2.0,2.0,1.0,1.0,0.0,0.0,0.5,1.0,5202.18458918943,59.18483758531402,1783267746.780128
4.0,4.0,2.0,-0.0,0.0,2.3452750166417258,0.25,1.0,4132.774774087421,108.73929066042932,1783267747.780128
